{
  "per_symbol": {
    "A": 0.1389506459236145,
    "B": 0.8700145483016968,
    "C": 0.2721167802810669,
    "D": 0.5406372547149658,
    "E": 0.9753158688545227,
    "F": 0.7402750849723816,
    "G": 0.9817185401916504,
    "H": 0.9513162970542908,
    "I": 0.301279753446579,
    "J": 0.9882622361183167,
    "K": 0.41816386580467224,
    "L": 0.6487681865692139
  }
}